{
  "GetBookingIDs" : {
    "transaction" : "GetBookingIDs",
    "sampleCount" : 10,
    "errorCount" : 0,
    "errorPct" : 0.0,
    "meanResTime" : 569.7,
    "medianResTime" : 568.0,
    "minResTime" : 551.0,
    "maxResTime" : 587.0,
    "pct1ResTime" : 586.9,
    "pct2ResTime" : 587.0,
    "pct3ResTime" : 587.0,
    "throughput" : 1.1219566924716706,
    "receivedKBytesPerSec" : 28.8181807822843,
    "sentKBytesPerSec" : 0.17968837652866598
  },
  "PartialUpdateBooking" : {
    "transaction" : "PartialUpdateBooking",
    "sampleCount" : 10,
    "errorCount" : 0,
    "errorPct" : 0.0,
    "meanResTime" : 289.5,
    "medianResTime" : 287.0,
    "minResTime" : 284.0,
    "maxResTime" : 298.0,
    "pct1ResTime" : 298.0,
    "pct2ResTime" : 298.0,
    "pct3ResTime" : 298.0,
    "throughput" : 1.1524720525527254,
    "receivedKBytesPerSec" : 1.0297968047712343,
    "sentKBytesPerSec" : 0.3759039702662211
  },
  "Total" : {
    "transaction" : "Total",
    "sampleCount" : 70,
    "errorCount" : 1,
    "errorPct" : 1.4285715,
    "meanResTime" : 473.75714285714287,
    "medianResTime" : 292.0,
    "minResTime" : 277.0,
    "maxResTime" : 2159.0,
    "pct1ResTime" : 1138.9,
    "pct2ResTime" : 1175.1000000000001,
    "pct3ResTime" : 2159.0,
    "throughput" : 5.771767810026385,
    "receivedKBytesPerSec" : 25.370897277993073,
    "sentKBytesPerSec" : 1.755364652044855
  },
  "GetBooking" : {
    "transaction" : "GetBooking",
    "sampleCount" : 10,
    "errorCount" : 0,
    "errorPct" : 0.0,
    "meanResTime" : 289.2,
    "medianResTime" : 288.5,
    "minResTime" : 280.0,
    "maxResTime" : 300.0,
    "pct1ResTime" : 299.9,
    "pct2ResTime" : 300.0,
    "pct3ResTime" : 300.0,
    "throughput" : 1.1551345731777751,
    "receivedKBytesPerSec" : 1.0296941781217512,
    "sentKBytesPerSec" : 0.18951426591197876
  },
  "DeleteBooking" : {
    "transaction" : "DeleteBooking",
    "sampleCount" : 10,
    "errorCount" : 0,
    "errorPct" : 0.0,
    "meanResTime" : 287.9,
    "medianResTime" : 287.0,
    "minResTime" : 284.0,
    "maxResTime" : 296.0,
    "pct1ResTime" : 295.6,
    "pct2ResTime" : 296.0,
    "pct3ResTime" : 296.0,
    "throughput" : 1.1514104778353484,
    "receivedKBytesPerSec" : 0.8417440270581462,
    "sentKBytesPerSec" : 0.3159632268278641
  },
  "CreateToken" : {
    "transaction" : "CreateToken",
    "sampleCount" : 10,
    "errorCount" : 1,
    "errorPct" : 10.0,
    "meanResTime" : 1304.0999999999997,
    "medianResTime" : 1159.0,
    "minResTime" : 1124.0,
    "maxResTime" : 2159.0,
    "pct1ResTime" : 2110.8,
    "pct2ResTime" : 2159.0,
    "pct3ResTime" : 2159.0,
    "throughput" : 0.9950248756218905,
    "receivedKBytesPerSec" : 0.7513215174129353,
    "sentKBytesPerSec" : 0.2370957711442786
  },
  "CreateBooking" : {
    "transaction" : "CreateBooking",
    "sampleCount" : 10,
    "errorCount" : 0,
    "errorPct" : 0.0,
    "meanResTime" : 287.8,
    "medianResTime" : 287.0,
    "minResTime" : 277.0,
    "maxResTime" : 297.0,
    "pct1ResTime" : 296.9,
    "pct2ResTime" : 297.0,
    "pct3ResTime" : 297.0,
    "throughput" : 1.1568718186024989,
    "receivedKBytesPerSec" : 1.0640057409763999,
    "sentKBytesPerSec" : 0.5253373004396112
  },
  "UpdateBooking" : {
    "transaction" : "UpdateBooking",
    "sampleCount" : 10,
    "errorCount" : 0,
    "errorPct" : 0.0,
    "meanResTime" : 288.1000000000001,
    "medianResTime" : 286.5,
    "minResTime" : 283.0,
    "maxResTime" : 294.0,
    "pct1ResTime" : 294.0,
    "pct2ResTime" : 294.0,
    "pct3ResTime" : 294.0,
    "throughput" : 1.154068090017311,
    "receivedKBytesPerSec" : 1.0309975476053088,
    "sentKBytesPerSec" : 0.590558280438546
  }
}