{
  "GetBookingIDs" : {
    "transaction" : "GetBookingIDs",
    "sampleCount" : 20,
    "errorCount" : 0,
    "errorPct" : 0.0,
    "meanResTime" : 862.4999999999999,
    "medianResTime" : 845.0,
    "minResTime" : 797.0,
    "maxResTime" : 1065.0,
    "pct1ResTime" : 937.9000000000001,
    "pct2ResTime" : 1058.8,
    "pct3ResTime" : 1065.0,
    "throughput" : 18.69158878504673,
    "receivedKBytesPerSec" : 890.2234228971962,
    "sentKBytesPerSec" : 2.99357476635514
  },
  "PartialUpdateBooking" : {
    "transaction" : "PartialUpdateBooking",
    "sampleCount" : 20,
    "errorCount" : 0,
    "errorPct" : 0.0,
    "meanResTime" : 281.95,
    "medianResTime" : 282.0,
    "minResTime" : 269.0,
    "maxResTime" : 291.0,
    "pct1ResTime" : 289.9,
    "pct2ResTime" : 290.95,
    "pct3ResTime" : 291.0,
    "throughput" : 33.67003367003367,
    "receivedKBytesPerSec" : 30.217539983164986,
    "sentKBytesPerSec" : 10.982218013468014
  },
  "Total" : {
    "transaction" : "Total",
    "sampleCount" : 140,
    "errorCount" : 4,
    "errorPct" : 2.857143,
    "meanResTime" : 566.0857142857142,
    "medianResTime" : 283.5,
    "minResTime" : 266.0,
    "maxResTime" : 2032.0,
    "pct1ResTime" : 1535.7,
    "pct2ResTime" : 1866.5499999999995,
    "pct3ResTime" : 2026.26,
    "throughput" : 30.76923076923077,
    "receivedKBytesPerSec" : 231.73849587912088,
    "sentKBytesPerSec" : 9.357829670329672
  },
  "GetBooking" : {
    "transaction" : "GetBooking",
    "sampleCount" : 20,
    "errorCount" : 0,
    "errorPct" : 0.0,
    "meanResTime" : 279.15,
    "medianResTime" : 277.0,
    "minResTime" : 267.0,
    "maxResTime" : 306.0,
    "pct1ResTime" : 289.7,
    "pct2ResTime" : 305.2,
    "pct3ResTime" : 306.0,
    "throughput" : 35.46099290780142,
    "receivedKBytesPerSec" : 31.624002659574472,
    "sentKBytesPerSec" : 5.817819148936171
  },
  "DeleteBooking" : {
    "transaction" : "DeleteBooking",
    "sampleCount" : 20,
    "errorCount" : 0,
    "errorPct" : 0.0,
    "meanResTime" : 279.5,
    "medianResTime" : 279.5,
    "minResTime" : 270.0,
    "maxResTime" : 290.0,
    "pct1ResTime" : 288.8,
    "pct2ResTime" : 289.95,
    "pct3ResTime" : 290.0,
    "throughput" : 33.72681281618887,
    "receivedKBytesPerSec" : 24.72201728499157,
    "sentKBytesPerSec" : 9.255111720067454
  },
  "CreateToken" : {
    "transaction" : "CreateToken",
    "sampleCount" : 20,
    "errorCount" : 4,
    "errorPct" : 20.0,
    "meanResTime" : 1688.8500000000001,
    "medianResTime" : 1701.5,
    "minResTime" : 1244.0,
    "maxResTime" : 2032.0,
    "pct1ResTime" : 2017.9,
    "pct2ResTime" : 2031.3,
    "pct3ResTime" : 2032.0,
    "throughput" : 9.84251968503937,
    "receivedKBytesPerSec" : 7.439560777559055,
    "sentKBytesPerSec" : 2.3452878937007875
  },
  "CreateBooking" : {
    "transaction" : "CreateBooking",
    "sampleCount" : 20,
    "errorCount" : 0,
    "errorPct" : 0.0,
    "meanResTime" : 289.05000000000007,
    "medianResTime" : 279.5,
    "minResTime" : 266.0,
    "maxResTime" : 425.0,
    "pct1ResTime" : 319.0,
    "pct2ResTime" : 419.74999999999994,
    "pct3ResTime" : 425.0,
    "throughput" : 36.101083032490976,
    "receivedKBytesPerSec" : 33.17492102888087,
    "sentKBytesPerSec" : 16.39355821299639
  },
  "UpdateBooking" : {
    "transaction" : "UpdateBooking",
    "sampleCount" : 20,
    "errorCount" : 0,
    "errorPct" : 0.0,
    "meanResTime" : 281.6,
    "medianResTime" : 278.5,
    "minResTime" : 267.0,
    "maxResTime" : 332.0,
    "pct1ResTime" : 289.9,
    "pct2ResTime" : 329.9,
    "pct3ResTime" : 332.0,
    "throughput" : 34.542314335060446,
    "receivedKBytesPerSec" : 30.96664507772021,
    "sentKBytesPerSec" : 17.675949913644214
  }
}